Workbook

Sheet ATI
A4: Statistical Report on the Access to Information Act
A6: Name of institution: | D6: 122 | K6: =IF(D6="", "You must enter an Institution name", "")
A8: Reporting period: | D8: 45748 | G8: to | H8: 46112
A10: Section 1: Requests Under the Access to Information Act
A12: 1.1 Number of requests
H13: Number of Requests
A14: Received during reporting period | H14: 0
A15: Outstanding from previous reporting periods | H15: =SUM(G16:G17) -> 1212
A16: • Outstanding from previous reporting period | G16: 1212
A17: • Outstanding from more than one reporting period | G17: 0
A18: Total | H18: =SUM(H14:J15) -> 1212
A19: Closed during reporting period | H19: 0
A20: Carried over to next reporting period | H20: =G21+G22 -> 0 | K20: =IF(H20<>(H18-H19),"Section 1.1 - The ""Carried over to next reporting period"" must equal to the ""Total"" minus ""Closed during reporting period"" of Section 1.1","") -> Section 1.1 - The "Carried over to next reporting period" must equal to the "Total" minus "Closed during reporting period" of Section 1.1
A21: • Carried over within legislated timeline | G21: 0
A22: • Carried over beyond legislated timeline | G22: 0
A24: 1.2 Sources of requests
A26: Source | G26: Number of Requests
A27: Media | G27: 0
A28: Academia | G28: 0
A29: Business (private sector) | G29: 0
A30: Organization | G30: 0
A31: Public | G31: 0
A32: Decline to Identify | G32: 0
A33: Total | G33: =SUM(G27:J32) -> 0
A35: 1.3 Channels of requests
A37: Source | G37: Number of Requests
A38: Online | G38: 0
A39: E-mail | G39: 0
A40: Mail | G40: 0
A41: In person | G41: 0
A42: Phone | G42: 0
A43: Fax | G43: 0
A44: Total | G44: =SUM(G38:J43) -> 0
A46: Section 2: Informal Requests
A48: 2.1 Number of informal requests
H49: Number of Requests
A50: Received during reporting period | H50: 0
A51: Outstanding from previous reporting periods | H51: =SUM(G52:G53) -> 0
A52: • Outstanding from previous reporting period | G52: 0
A53: • Outstanding from more than one reporting period | G53: 0
A54: Total | H54: =SUM(H50:J51) -> 0
A55: Closed during reporting period | H55: 0
A56: Carried over to next reporting period | H56: =H54-H55 -> 0
A59: 2.2 Completion time of informal requests
A61: Completion Time
A62: 0 to 15 Days | B62: 16 to 30 Days | C62: 31 to 60 Days | D62: 61 to 120 Days | E62: 121 to 180 Days | F62: 181 to 365 Days | G62: More Than 365 Days | H62: Total
A63: 0 | B63: 0 | C63: 0 | D63: 0 | E63: 0 | F63: 0 | G63: 0 | H63: =SUM(A63:G63) -> 0
A66: 2.3 Pages released and re-released informally
A68: Less Than 500 Pages Released and Re-released | C68: 500-10000 Pages Released and Re-released | E68: More Than 10000 Pages Released and Re-released
A69: Number of Requests | B69: Number of pages | C69: Number of Requests | D69: Number of pages | E69: Number of Requests | F69: Number of pages
A70: 0 | B70: 0 | C70: 0 | D70: 0 | E70: 0 | F70: 0
A72: Section 3: Applications to the Information Commissioner on Declining to Act on Requests
H74: Number of Requests
A75: Outstanding from previous reporting period | H75: 0
A76: Sent during reporting period | H76: 0
A77: Total | H77: =SUM(H75:K76) -> 0
A78: Approved by the Information Commissioner during reporting period | H78: 0
A79: Declined by the Information Commissioner during reporting period | H79: 0
A80: Withdrawn during reporting period | H80: 0
A81: Carried over to next reporting period | H81: 0
A83: Section 4: Requests Closed During the Reporting Period
A85: 4.1 Disposition and completion time
A87: Disposition of Requests | E87: Completion Time
E88: 0 to 15 Days | F88: 16 to 30 Days | G88: 31 to 60 Days | H88: 61 to 120 Days | I88: 121 to 180 Days | J88: 181 to 365 Days | K88: More Than 365 Days | L88: Total
A89: All disclosed | E89: 0 | F89: 0 | G89: 0 | H89: 0 | I89: 0 | J89: 0 | K89: 0 | L89: =SUM(E89:K89) -> 0
A90: Disclosed in part | E90: 0 | F90: 0 | G90: 0 | H90: 0 | I90: 0 | J90: 0 | K90: 0 | L90: =SUM(E90:K90) -> 0
A91: All exempted | E91: 0 | F91: 0 | G91: 0 | H91: 0 | I91: 0 | J91: 0 | K91: 0 | L91: =SUM(E91:K91) -> 0
A92: All excluded | E92: 0 | F92: 0 | G92: 0 | H92: 0 | I92: 0 | J92: 0 | K92: 0 | L92: =SUM(E92:K92) -> 0
A93: No records exist | E93: 0 | F93: 0 | G93: 0 | H93: 0 | I93: 0 | J93: 0 | K93: 0 | L93: =SUM(E93:K93) -> 0
A94: Request transferred | E94: 0 | F94: 0 | G94: 0 | H94: 0 | I94: 0 | J94: 0 | K94: 0 | L94: =SUM(E94:K94) -> 0
A95: Request abandoned | E95: 0 | F95: 0 | G95: 0 | H95: 0 | I95: 0 | J95: 0 | K95: 0 | L95: =SUM(E95:K95) -> 0
A96: Neither confirmed nor denied | E96: 0 | F96: 0 | G96: 0 | H96: 0 | I96: 0 | J96: 0 | K96: 0 | L96: =SUM(E96:K96) -> 0
A97: Declined to act with the approval of the Information Commissioner | E97: 0 | F97: 0 | G97: 0 | H97: 0 | I97: 0 | J97: 0 | K97: 0 | L97: =SUM(E97:K97) -> 0
A98: Total | E98: =SUM(E89:E97) -> 0 | F98: =SUM(F89:F97) -> 0 | G98: =SUM(G89:G97) -> 0 | H98: =SUM(H89:H97) -> 0 | I98: =SUM(I89:I97) -> 0 | J98: =SUM(J89:J97) -> 0 | K98: =SUM(K89:K97) -> 0 | L98: =SUM(E98:K98) -> 0 | M98: =IF(L98<>H19,"Section 4.1 - The Total of the ""Total"" should be equal to ""Closed during reporting period"" of Section 1.1","")
L99: =SUM(L89:L92,L95:L97) -> 0
A100: 4.2 Exemptions
A102: Section | C102: Number of Requests | D102: Section | F102: Number of Requests | G102: Section | I102: Number of Requests | J102: Section | L102: Number of Requests
A103: 13(1)(a) | C103: 0 | D103: 16(2) | F103: 0 | G103: 18(a) | I103: 0 | J103: 20.1 | L103: 0
A104: 13(1)(b) | C104: 0 | D104: 16(2)(a) | F104: 0 | G104: 18(b) | I104: 0 | J104: 20.2 | L104: 0
A105: 13(1)(c) | C105: 0 | D105: 16(2)(b) | F105: 0 | G105: 18(c) | I105: 0 | J105: 20.4 | L105: 0
A106: 13(1)(d) | C106: 0 | D106: 16(2)(c) | F106: 0 | G106: 18(d) | I106: 0 | J106: 21(1)(a) | L106: 0
A107: 13(1)(e) | C107: 0 | D107: 16(3) | F107: 0 | G107: 18.1(1)(a) | I107: 0 | J107: 21(1)(b) | L107: 0
A108: 14 | C108: 0 | D108: 16.1(1)(a) | F108: 0 | G108: 18.1(1)(b) | I108: 0 | J108: 21(1)(c) | L108: 0
A109: 14(a) | C109: 0 | D109: 16.1(1)(b) | F109: 0 | G109: 18.1(1)(c) | I109: 0 | J109: 21(1)(d) | L109: 0
A110: 14(b) | C110: 0 | D110: 16.1(1)(c) | F110: 0 | G110: 18.1(1)(d) | I110: 0 | J110: 22 | L110: 0
A111: 15(1) | C111: 0 | D111: 16.1(1)(d) | F111: 0 | G111: 19(1) | I111: 0 | J111: 22.1(1) | L111: 0
A112: 15(1) - I.A.* | C112: 0 | D112: 16.2(1) | F112: 0 | G112: 20(1)(a) | I112: 0 | J112: 23 | L112: 0
A113: 15(1) - Def.* | C113: 0 | D113: 16.3 | F113: 0 | G113: 20(1)(b) | I113: 0 | J113: 23.1 | L113: 0
A114: 15(1) - S.A.* | C114: 0 | D114: 16.4(1)(a) | F114: 0 | G114: 20(1)(b.1) | I114: 0 | J114: 24(1) | L114: 0
A115: 16(1)(a)(i) | C115: 0 | D115: 16.4(1)(b) | F115: 0 | G115: 20(1)(c) | I115: 0 | J115: 26 | L115: 0
A116: 16(1)(a)(ii) | C116: 0 | D116: 16.5 | F116: 0 | G116: 20(1)(d) | I116: 0
A117: 16(1)(a)(iii) | C117: 0 | D117: 16.6 | F117: 0
A118: 16(1)(b) | C118: 0 | D118: 17 | F118: 0
A119: 16(1)(c) | C119: 0
A120: 16(1)(d) | C120: 0 | E120: * I.A.: International Affairs Def.: Defence of Canada S.A.: Subversive Activities
A122: 4.3 Exclusions
A124: Section | C124: Number of Requests | E124: Section | G124: Number of Requests | I124: Section | K124: Number of Requests
A125: 68(a) | C125: 0 | E125: 69(1) | G125: 0 | I125: 69(1)(g) re (a) | K125: 0
A126: 68(b) | C126: 0 | E126: 69(1)(a) | G126: 0 | I126: 69(1)(g) re (b) | K126: 0
A127: 68(c) | C127: 0 | E127: 69(1)(b) | G127: 0 | I127: 69(1)(g) re (c) | K127: 0
...

Sheet Priv
A4: Statistical Report on the Privacy Act
E6: Name of institution: | O6: =IF(H6="", "You must enter an Institution name", "") -> You must enter an Institution name
E8: Reporting period: | H8: 45748 | K8: to | L8: 46112
A10: Section 1: Requests Under the Privacy Act
A12: 1.1 Number of requests received
H14: Number of Requests
A15: Received during reporting period | H15: 0
A16: Outstanding from previous reporting periods | H16: =SUM(G17:G18) -> 0
A17: • Outstanding from previous reporting period | G17: 0
A18: • Outstanding from more than one reporting period | G18: 0
A19: Total | H19: =SUM(H15:J16) -> 0
A20: Closed during reporting period | H20: 0
A21: Carried over to next reporting period | H21: =SUM(G22:G23) -> 0
A22: • Carried over within legislated timeline | G22: 0 | K22: =IF(H21<>(H19-H20),"Section 1.1 - The ""Carried over to next reporting period"" must be equal to the ""Total"" minus ""Closed during the reporting period""","")
A23: • Carried over beyond legislated timeline | G23: 0
A25: 1.2 Channels of requests
A27: Source | G27: Number of Requests
A28: Online | G28: 0
A29: E-mail | G29: 0
A30: Mail | G30: 0
A31: In person | G31: 0
A32: Phone | G32: 0
A33: Fax | G33: 0
A34: Total | G34: =SUM(G28:J33) -> 0
A36: Section 2: Informal requests
A38: 2.1 Number of informal requests
H39: Number of Requests
A40: Received during reporting period | H40: 0
A41: Outstanding from previous reporting periods | H41: =SUM(G42:G43) -> 0
A42: • Outstanding from previous reporting period | G42: 0
A43: • Outstanding from more than one reporting period | G43: 0
A44: Total | H44: =SUM(H40:J41) -> 0
A45: Closed during reporting period | H45: 0
A46: Carried over to next reporting period | H46: =H44-H45 -> 0
A48: 2.2 Completion time of informal requests
A50: Completion Time
A51: 0 to 15 Days | B51: 16 to 30 Days | C51: 31 to 60 Days | D51: 61 to 120 Days | E51: 121 to 180 Days | F51: 181 to 365 Days | G51: More Than 365 Days | H51: Total
A52: 0 | B52: 0 | C52: 0 | D52: 0 | E52: 0 | F52: 0 | G52: 0 | H52: =SUM(A52:G52) -> 0
A54: 2.3 Pages released informally
A56: Less Than 500 Pages Released | C56: 500-10000 Pages Released | E56: More Than 10000 Pages Released
A57: Number of Requests | B57: Pages Released | C57: Number of Requests | D57: Pages Released | E57: Number of Requests | F57: Pages Released
A58: 0 | B58: 0 | C58: 0 | D58: 0 | E58: 0 | F58: 0
A60: Section 3: Requests Closed During the Reporting Period
A62: 3.1 Disposition and completion time
A64: Disposition of Requests | D64: Completion Time
D65: 0 to 15 Days | E65: 16 to 30 Days | F65: 31 to 60 Days | G65: 61 to 120 Days | H65: 121 to 180 Days | I65: 181 to 365 Days | J65: More Than 365 Days | K65: Total
A66: All disclosed | D66: 0 | E66: 0 | F66: 0 | G66: 0 | H66: 0 | I66: 0 | J66: 0 | K66: =SUM(D66:J66) -> 0
A67: Disclosed in part | D67: 0 | E67: 0 | F67: 0 | G67: 0 | H67: 0 | I67: 0 | J67: 0 | K67: =SUM(D67:J67) -> 0
A68: All exempted | D68: 0 | E68: 0 | F68: 0 | G68: 0 | H68: 0 | I68: 0 | J68: 0 | K68: =SUM(D68:J68) -> 0
A69: All excluded | D69: 0 | E69: 0 | F69: 0 | G69: 0 | H69: 0 | I69: 0 | J69: 0 | K69: =SUM(D69:J69) -> 0
A70: No records exist | D70: 0 | E70: 0 | F70: 0 | G70: 0 | H70: 0 | I70: 0 | J70: 0 | K70: =SUM(D70:J70) -> 0
A71: Request abandoned | D71: 0 | E71: 0 | F71: 0 | G71: 0 | H71: 0 | I71: 0 | J71: 0 | K71: =SUM(D71:J71) -> 0
A72: Neither confirmed nor denied | D72: 0 | E72: 0 | F72: 0 | G72: 0 | H72: 0 | I72: 0 | J72: 0 | K72: =SUM(D72:J72) -> 0
A73: Total | D73: =SUM(D66:D72) -> 0 | E73: =SUM(E66:E72) -> 0 | F73: =SUM(F66:F72) -> 0 | G73: =SUM(G66:G72) -> 0 | H73: =SUM(H66:H72) -> 0 | I73: =SUM(I66:I72) -> 0 | J73: =SUM(J66:J72) -> 0 | K73: =SUM(K66:K72) -> 0 | L73: =IF(K73<>H20,"Section 3.1 - The Total of the ""Total"" should be equal to ""Closed during reporting period"" of Section 1.1","")
K74: =SUM(K66:K69,K71:K72) -> 0
A76: 3.2 Exemptions
A78: Section | C78: Number of Requests | E78: Section | G78: Number of Requests | I78: Section | K78: Number of Requests
A79: 18(2) | C79: 0 | E79: 22(1)(a)(i) | G79: 0 | I79: 23(a) | K79: 0
A80: 19(1)(a) | C80: 0 | E80: 22(1)(a)(ii) | G80: 0 | I80: 23(b) | K80: 0
A81: 19(1)(b) | C81: 0 | E81: 22(1)(a)(iii) | G81: 0 | I81: 24(a) | K81: 0
A82: 19(1)(c) | C82: 0 | E82: 22(1)(b) | G82: 0 | I82: 24(b) | K82: 0
A83: 19(1)(d) | C83: 0 | E83: 22(1)(c) | G83: 0 | I83: 25 | K83: 0
A84: 19(1)(e) | C84: 0 | E84: 22(2) | G84: 0 | I84: 26 | K84: 0
A85: 19(1)(f) | C85: 0 | E85: 22.1 | G85: 0 | I85: 27 | K85: 0
A86: 20 | C86: 0 | E86: 22.2 | G86: 0 | I86: 27.1 | K86: 0
A87: 21 | C87: 0 | E87: 22.3 | G87: 0 | I87: 28 | K87: 0
E88: 22.4 | G88: 0
A90: 3.3 Exclusions
A92: Section | C92: Number of Requests | E92: Section | G92: Number of Requests | I92: Section | K92: Number of Requests
A93: 69(1)(a) | C93: 0 | E93: 70(1) | G93: 0 | I93: 70(1)(d) | K93: 0
A94: 69(1)(b) | C94: 0 | E94: 70(1)(a) | G94: 0 | I94: 70(1)(e) | K94: 0
A95: 69.1 | C95: 0 | E95: 70(1)(b) | G95: 0 | I95: 70(1)(f) | K95: 0
E96: 70(1)(c) | G96: 0 | I96: 70.1 | K96: 0
A98: 3.4 Format of information released
A100: Paper | C100: Electronic | H100: Other
C101: E-record | E101: Data set | F101: Video | G101: Audio
A102: 0 | C102: 0 | E102: 0 | F102: 0 | G102: 0 | H102: 0
A104: 3.5 Complexity
A106: 3.5.1 Relevant pages processed and disclosed for paper, e-record and dataset formats
A108: Number of Pages Processed | D108: Number of Pages Disclosed | G108: Number of Requests
A109: 0 | D109: 0 | G109: 0
A111: 3.5.2 Relevant pages processed per request disposition for paper, e-record and dataset formats by size of requests
A114: Disposition | C114: Less Than 500 Pages Processed | E114: 500-10000 Pages Processed | G114: More Than 10000 Pages Processed
C115: Number of Requests | D115: Pages Processed | E115: Number of Requests | F115: Pages Processed | G115: Number of Requests | H115: Pages Processed | X115: Number of requests 3.5.2 | Y115: Total 3.5.2, 3.5.4 and 3.5.6
A116: All disclosed | C116: 0 | D116: 0 | E116: 0 | F116: 0 | G116: 0 | H116: 0 | X116: =SUM(C116,#REF!,E116,#REF!,G116) -> #REF! | Y116: =SUM(X116,Y133,#REF!) -> #REF!
A117: Disclosed in part | C117: 0 | D117: 0 | E117: 0 | F117: 0 | G117: 0 | H117: 0 | X117: =SUM(C117,#REF!,E117,#REF!,G117) -> #REF! | Y117: =SUM(X117,Y134,#REF!) -> #REF!
A118: All exempted | C118: 0 | D118: 0 | E118: 0 | F118: 0 | G118: 0 | H118: 0 | X118: =SUM(C118,#REF!,E118,#REF!,G118) -> #REF! | Y118: =SUM(X118,Y135,#REF!) -> #REF!
A119: All excluded | C119: 0 | D119: 0 | E119: 0 | F119: 0 | G119: 0 | H119: 0 | X119: =SUM(C119,#REF!,E119,#REF!,G119) -> #REF! | Y119: =SUM(X119,Y136,#REF!) -> #REF!
A120: Request abandoned | C120: 0 | D120: 0 | E120: 0 | F120: 0 | G120: 0 | H120: 0 | X120: =SUM(C120,#REF!,E120,#REF!,G120) -> #REF! | Y120: =SUM(X120,Y137,#REF!) -> #REF!
A121: Neither confirmed nor denied | C121: 0 | D121: 0 | E121: 0 | F121: 0 | G121: 0 | H121: 0 | X121: =SUM(C121,#REF!,E121,#REF!,G121) -> #REF! | Y121: =SUM(X121,Y138,#REF!) -> #REF!
A122: Total | C122: =SUM(C116:C121) -> 0 | D122: =SUM(D116:D121) -> 0 | E122: =SUM(E116:E121) -> 0 | F122: =SUM(F116:F121) -> 0 | G122: =SUM(G116:G121) -> 0 | H122: =SUM(H116:H121) -> 0 | I122: =IF(G109<>SUM(C122,E122,G122),"Section 3.5.2 - The ""Total"" of ""Number of Requests"" should be equal to the ""Number of Requests"" of Section 3.5.1.","") | X122: =SUM(C122,#REF!,E122,#REF!,G122) -> #REF! | Y122: =SUM(X122,Y139,#REF!) -> #REF!
I123: =IF(A109<>SUM(D122,F122,H122),"Section 3.5.2 - The total of Columns of ""Pages Processed"" should be equal to the ""Number of Pages Processed"" of Section 3.5.1.","")
A124: 3.5.3 Relevant minutes processed and disclosed for audio and video formats
A126: Number of Minutes Processed | D126: Number of Minutes Disclosed | G126: Number of Requests
A127: 0 | D127: 0 | G127: 0
A129: 3.5.4 Relevant minutes processed per request disposition for audio and video formats by size of requests
A131: Disposition | D131: Number of requests | G131: Minutes Processed
A133: All disclosed | D133: 0 | G133: 0
A134: Disclosed in part | D134: 0 | G134: 0
A135: All exempted | D135: 0 | G135: 0
...

Sheet ATI_ForConsumption
A1: Inst | B1: =ATI!D6 -> 122
A2: Report | B2: 2021;2022
A3: Q1R1C1 | B3: =ATI!H14 -> 0 | C3: 1,1
A4: Q1R2C1 | B4: =ATI!H15 -> 1212 | C4: 1,1
A5: Q1R3C1 | B5: =ATI!G16 -> 1212 | C5: 1,1
A6: Q1R4C1 | B6: =ATI!G17 -> 0 | C6: 1,1
A7: Q1R5C1 | B7: =ATI!H18 -> 1212 | C7: 1,1
A8: Q1R6C1 | B8: =ATI!H19 -> 0 | C8: 1,1
A9: Q1R7C1 | B9: =ATI!H20 -> 0 | C9: 1,1
A10: Q1R8C1 | B10: =ATI!G21 -> 0 | C10: 1,1
A11: Q1R9C1 | B11: =ATI!G22 -> 0 | C11: 1,1
A12: Q2R1C1 | B12: =ATI!G27 -> 0 | C12: 1,2
A13: Q2R2C1 | B13: =ATI!G28 -> 0 | C13: 1,2
A14: Q2R3C1 | B14: =ATI!G29 -> 0 | C14: 1,2
A15: Q2R4C1 | B15: =ATI!G30 -> 0 | C15: 1,2
A16: Q2R5C1 | B16: =ATI!G31 -> 0 | C16: 1,2
A17: Q2R6C1 | B17: =ATI!G32 -> 0 | C17: 1,2
A18: Q2R7C1 | B18: =ATI!G33 -> 0 | C18: 1,2
A19: Q3R1C1 | B19: =ATI!G38 -> 0 | C19: 1,3
A20: Q3R2C1 | B20: =ATI!G39 -> 0 | C20: 1,3
A21: Q3R3C1 | B21: =ATI!G40 -> 0 | C21: 1,3
A22: Q3R4C1 | B22: =ATI!G41 -> 0 | C22: 1,3
A23: Q3R5C1 | B23: =ATI!G42 -> 0 | C23: 1,3
A24: Q3R6C1 | B24: =ATI!G43 -> 0 | C24: 1,3
A25: Q3R7C1 | B25: =ATI!G44 -> 0 | C25: 1,3
A26: Q4R1C1 | B26: =ATI!H50 -> 0 | C26: 2,1
A27: Q4R2C1 | B27: =ATI!H51 -> 0 | C27: 2,1
A28: Q4R3C1 | B28: =ATI!G52 -> 0 | C28: 2,1
A29: Q4R4C1 | B29: =ATI!G53 -> 0 | C29: 2,1
A30: Q4R5C1 | B30: =ATI!H54 -> 0 | C30: 2,1
A31: Q4R6C1 | B31: =ATI!H55 -> 0 | C31: 2,1
A32: Q4R7C1 | B32: =ATI!H56 -> 0 | C32: 2,1
A33: Q5R1C1 | B33: =ATI!#REF! -> #ERROR! | C33: 2,2
A34: Q5R2C1 | B34: =ATI!#REF! -> #ERROR! | C34: 2,2
A35: Q5R3C1 | B35: =ATI!#REF! -> #ERROR! | C35: 2,2
A36: Q5R4C1 | B36: =ATI!#REF! -> #ERROR! | C36: 2,2
A37: Q5R5C1 | B37: =ATI!#REF! -> #ERROR! | C37: 2,2
A38: Q5R6C1 | B38: =ATI!#REF! -> #ERROR! | C38: 2,2
A39: Q5R7C1 | B39: =ATI!#REF! -> #ERROR! | C39: 2,2
A40: Q6R1C1 | B40: =ATI!A63 -> 0 | C40: 2,3
A41: Q6R1C2 | B41: =ATI!B63 -> 0 | C41: 2,3
A42: Q6R1C3 | B42: =ATI!C63 -> 0 | C42: 2,3
A43: Q6R1C4 | B43: =ATI!D63 -> 0 | C43: 2,3
A44: Q6R1C5 | B44: =ATI!E63 -> 0 | C44: 2,3
A45: Q6R1C6 | B45: =ATI!F63 -> 0 | C45: 2,3
A46: Q6R1C7 | B46: =ATI!G63 -> 0 | C46: 2,3
A47: Q7R1C1 | B47: =ATI!#REF! -> #ERROR! | C47: 2,4
A48: Q7R1C2 | B48: =ATI!#REF! -> #ERROR! | C48: 2,4
A49: Q7R1C3 | B49: =ATI!#REF! -> #ERROR! | C49: 2,4
A50: Q7R1C4 | B50: =ATI!#REF! -> #ERROR! | C50: 2,4
A51: Q7R1C5 | B51: =ATI!#REF! -> #ERROR! | C51: 2,4
A52: Q7R1C6 | B52: =ATI!#REF! -> #ERROR! | C52: 2,4
A53: Q7R1C7 | B53: =ATI!#REF! -> #ERROR! | C53: 2,4
A54: Q7R1C8 | B54: =ATI!#REF! -> #ERROR! | C54: 2,4
A55: Q7R1C9 | B55: =ATI!#REF! -> #ERROR! | C55: 2,4
A56: Q7R1C10 | B56: =ATI!#REF! -> #ERROR! | C56: 2,4
A57: Q8R1C1 | B57: =ATI!A70 -> 0 | C57: 2,5
A58: Q8R1C2 | B58: =ATI!B70 -> 0 | C58: 2,5
A59: Q8R1C3 | B59: =ATI!#REF! -> #ERROR! | C59: 2,5
A60: Q8R1C4 | B60: =ATI!#REF! -> #ERROR! | C60: 2,5
A61: Q8R1C5 | B61: =ATI!C70 -> 0 | C61: 2,5
A62: Q8R1C6 | B62: =ATI!D70 -> 0 | C62: 2,5
A63: Q8R1C7 | B63: =ATI!#REF! -> #ERROR! | C63: 2,5
A64: Q8R1C8 | B64: =ATI!#REF! -> #ERROR! | C64: 2,5
A65: Q8R1C9 | B65: =ATI!E70 -> 0 | C65: 2,5
A66: Q8R1C10 | B66: =ATI!F70 -> 0 | C66: 2,5
A67: Q9R1C1 | B67: =ATI!H75 -> 0 | C67: 3
A68: Q9R2C1 | B68: =ATI!H76 -> 0 | C68: 3
A69: Q9R3C1 | B69: =ATI!H77 -> 0 | C69: 3
A70: Q9R4C1 | B70: =ATI!H78 -> 0 | C70: 3
A71: Q9R5C1 | B71: =ATI!H79 -> 0 | C71: 3
A72: Q9R6C1 | B72: =ATI!H80 -> 0 | C72: 3
A73: Q9R7C1 | B73: =ATI!H81 -> 0 | C73: 3
A74: Q10R1C1 | B74: =ATI!E89 -> 0 | C74: 4,1
A75: Q10R1C2 | B75: =ATI!F89 -> 0 | C75: 4,1
A76: Q10R1C3 | B76: =ATI!G89 -> 0 | C76: 4,1
A77: Q10R1C4 | B77: =ATI!H89 -> 0 | C77: 4,1
A78: Q10R1C5 | B78: =ATI!I89 -> 0 | C78: 4,1
A79: Q10R1C6 | B79: =ATI!J89 -> 0 | C79: 4,1
A80: Q10R1C7 | B80: =ATI!K89 -> 0 | C80: 4,1
A81: Q10R2C1 | B81: =ATI!E90 -> 0 | C81: 4,1
A82: Q10R2C2 | B82: =ATI!F90 -> 0 | C82: 4,1
A83: Q10R2C3 | B83: =ATI!G90 -> 0 | C83: 4,1
A84: Q10R2C4 | B84: =ATI!H90 -> 0 | C84: 4,1
A85: Q10R2C5 | B85: =ATI!I90 -> 0 | C85: 4,1
A86: Q10R2C6 | B86: =ATI!J90 -> 0 | C86: 4,1
A87: Q10R2C7 | B87: =ATI!K90 -> 0 | C87: 4,1
A88: Q10R3C1 | B88: =ATI!E91 -> 0 | C88: 4,1
A89: Q10R3C2 | B89: =ATI!F91 -> 0 | C89: 4,1
A90: Q10R3C3 | B90: =ATI!G91 -> 0 | C90: 4,1
A91: Q10R3C4 | B91: =ATI!H91 -> 0 | C91: 4,1
A92: Q10R3C5 | B92: =ATI!I91 -> 0 | C92: 4,1
A93: Q10R3C6 | B93: =ATI!J91 -> 0 | C93: 4,1
A94: Q10R3C7 | B94: =ATI!K91 -> 0 | C94: 4,1
A95: Q10R4C1 | B95: =ATI!E92 -> 0 | C95: 4,1
A96: Q10R4C2 | B96: =ATI!F92 -> 0 | C96: 4,1
A97: Q10R4C3 | B97: =ATI!G92 -> 0 | C97: 4,1
A98: Q10R4C4 | B98: =ATI!H92 -> 0 | C98: 4,1
A99: Q10R4C5 | B99: =ATI!I92 -> 0 | C99: 4,1
A100: Q10R4C6 | B100: =ATI!J92 -> 0 | C100: 4,1
...

Sheet Privacy_ForConsumption
A1: Inst | B1: =Priv!H6
A2: Report | B2: 2021;2022
A3: Q1R1C1 | B3: =Priv!H15 -> 0 | C3: 1,1
A4: Q1R2C1 | B4: =Priv!H16 -> 0 | C4: 1,1
A5: Q1R3C1 | B5: =Priv!G17 -> 0 | C5: 1,1
A6: Q1R4C1 | B6: =Priv!G18 -> 0 | C6: 1,1
A7: Q1R5C1 | B7: =Priv!H19 -> 0 | C7: 1,1
A8: Q1R6C1 | B8: =Priv!H20 -> 0 | C8: 1,1
A9: Q1R7C1 | B9: =Priv!H21 -> 0 | C9: 1,1
A10: Q1R8C1 | B10: =Priv!G22 -> 0 | C10: 1,1
A11: Q1R9C1 | B11: =Priv!G23 -> 0 | C11: 1,1
A12: Q2R1C1 | B12: =Priv!G28 -> 0 | C12: 1,2
A13: Q2R2C1 | B13: =Priv!G29 -> 0 | C13: 1,2
A14: Q2R3C1 | B14: =Priv!G30 -> 0 | C14: 1,2
A15: Q2R4C1 | B15: =Priv!G31 -> 0 | C15: 1,2
A16: Q2R5C1 | B16: =Priv!G32 -> 0 | C16: 1,2
A17: Q2R6C1 | B17: =Priv!G33 -> 0 | C17: 1,2
A18: Q2R7C1 | B18: =Priv!G34 -> 0 | C18: 1,2
A19: Q3R1C1 | B19: =Priv!H40 -> 0 | C19: 2,1
A20: Q3R2C1 | B20: =Priv!H41 -> 0 | C20: 2,1
A21: Q3R3C1 | B21: =Priv!G42 -> 0 | C21: 2,1
A22: Q3R4C1 | B22: =Priv!G43 -> 0 | C22: 2,1
A23: Q3R5C1 | B23: =Priv!H44 -> 0 | C23: 2,1
A24: Q3R6C1 | B24: =Priv!H45 -> 0 | C24: 2,1
A25: Q3R7C1 | B25: =Priv!H46 -> 0 | C25: 2,1
A26: Q4R1C1 | B26: =Priv!#REF! -> #ERROR! | C26: 2,2
A27: Q4R2C1 | B27: =Priv!#REF! -> #ERROR! | C27: 2,2
A28: Q4R3C1 | B28: =Priv!#REF! -> #ERROR! | C28: 2,2
A29: Q4R4C1 | B29: =Priv!#REF! -> #ERROR! | C29: 2,2
A30: Q4R5C1 | B30: =Priv!#REF! -> #ERROR! | C30: 2,2
A31: Q4R6C1 | B31: =Priv!#REF! -> #ERROR! | C31: 2,2
A32: Q4R7C1 | B32: =Priv!#REF! -> #ERROR! | C32: 2,2
A33: Q5R1C1 | B33: =Priv!A52 -> 0 | C33: 2,3
A34: Q5R1C2 | B34: =Priv!B52 -> 0 | C34: 2,3
A35: Q5R1C3 | B35: =Priv!C52 -> 0 | C35: 2,3
A36: Q5R1C4 | B36: =Priv!D52 -> 0 | C36: 2,3
A37: Q5R1C5 | B37: =Priv!E52 -> 0 | C37: 2,3
A38: Q5R1C6 | B38: =Priv!F52 -> 0 | C38: 2,3
A39: Q5R1C7 | B39: =Priv!G52 -> 0 | C39: 2,3
A40: Q6R1C1 | B40: =Priv!A58 -> 0 | C40: 2,4
A41: Q6R1C2 | B41: =Priv!B58 -> 0 | C41: 2,4
A42: Q6R1C3 | B42: =Priv!#REF! -> #ERROR! | C42: 2,4
A43: Q6R1C4 | B43: =Priv!#REF! -> #ERROR! | C43: 2,4
A44: Q6R1C5 | B44: =Priv!C58 -> 0 | C44: 2,4
A45: Q6R1C6 | B45: =Priv!D58 -> 0 | C45: 2,4
A46: Q6R1C7 | B46: =Priv!#REF! -> #ERROR! | C46: 2,4
A47: Q6R1C8 | B47: =Priv!#REF! -> #ERROR! | C47: 2,4
A48: Q6R1C9 | B48: =Priv!E58 -> 0 | C48: 2,4
A49: Q6R1C10 | B49: =Priv!F58 -> 0 | C49: 2,4
A50: Q7R1C1 | B50: =Priv!D66 -> 0 | C50: 3,1
A51: Q7R1C2 | B51: =Priv!E66 -> 0 | C51: 3,1
A52: Q7R1C3 | B52: =Priv!F66 -> 0 | C52: 3,1
A53: Q7R1C4 | B53: =Priv!G66 -> 0 | C53: 3,1
A54: Q7R1C5 | B54: =Priv!H66 -> 0 | C54: 3,1
A55: Q7R1C6 | B55: =Priv!I66 -> 0 | C55: 3,1
A56: Q7R1C7 | B56: =Priv!J66 -> 0 | C56: 3,1
A57: Q7R2C1 | B57: =Priv!D67 -> 0 | C57: 3,1
A58: Q7R2C2 | B58: =Priv!E67 -> 0 | C58: 3,1
A59: Q7R2C3 | B59: =Priv!F67 -> 0 | C59: 3,1
A60: Q7R2C4 | B60: =Priv!G67 -> 0 | C60: 3,1
A61: Q7R2C5 | B61: =Priv!H67 -> 0 | C61: 3,1
A62: Q7R2C6 | B62: =Priv!I67 -> 0 | C62: 3,1
A63: Q7R3C7 | B63: =Priv!J67 -> 0 | C63: 3,1
A64: Q7R3C1 | B64: =Priv!D68 -> 0 | C64: 3,1
A65: Q7R3C2 | B65: =Priv!E68 -> 0 | C65: 3,1
A66: Q7R3C3 | B66: =Priv!F68 -> 0 | C66: 3,1
A67: Q7R3C4 | B67: =Priv!G68 -> 0 | C67: 3,1
A68: Q7R3C5 | B68: =Priv!H68 -> 0 | C68: 3,1
A69: Q7R3C6 | B69: =Priv!I68 -> 0 | C69: 3,1
A70: Q7R3C7 | B70: =Priv!J68 -> 0 | C70: 3,1
A71: Q7R4C1 | B71: =Priv!D69 -> 0 | C71: 3,1
A72: Q7R4C2 | B72: =Priv!E69 -> 0 | C72: 3,1
A73: Q7R4C3 | B73: =Priv!F69 -> 0 | C73: 3,1
A74: Q7R4C4 | B74: =Priv!G69 -> 0 | C74: 3,1
A75: Q7R4C5 | B75: =Priv!H69 -> 0 | C75: 3,1
A76: Q7R4C6 | B76: =Priv!I69 -> 0 | C76: 3,1
A77: Q7R4C7 | B77: =Priv!J69 -> 0 | C77: 3,1
A78: Q7R5C1 | B78: =Priv!D70 -> 0 | C78: 3,1
A79: Q7R5C2 | B79: =Priv!E70 -> 0 | C79: 3,1
A80: Q7R5C3 | B80: =Priv!F70 -> 0 | C80: 3,1
A81: Q7R5C4 | B81: =Priv!G70 -> 0 | C81: 3,1
A82: Q7R5C5 | B82: =Priv!H70 -> 0 | C82: 3,1
A83: Q7R5C6 | B83: =Priv!I70 -> 0 | C83: 3,1
A84: Q7R5C7 | B84: =Priv!J70 -> 0 | C84: 3,1
A85: Q7R6C1 | B85: =Priv!D71 -> 0 | C85: 3,1
A86: Q7R6C2 | B86: =Priv!E71 -> 0 | C86: 3,1
A87: Q7R6C3 | B87: =Priv!F71 -> 0 | C87: 3,1
A88: Q7R6C4 | B88: =Priv!G71 -> 0 | C88: 3,1
A89: Q7R6C5 | B89: =Priv!H71 -> 0 | C89: 3,1
A90: Q7R6C6 | B90: =Priv!I71 -> 0 | C90: 3,1
A91: Q7R6C7 | B91: =Priv!J71 -> 0 | C91: 3,1
A92: Q7R7C1 | B92: =Priv!D72 -> 0 | C92: 3,1
A93: Q7R7C2 | B93: =Priv!E72 -> 0 | C93: 3,1
A94: Q7R7C3 | B94: =Priv!F72 -> 0 | C94: 3,1
A95: Q7R7C4 | B95: =Priv!G72 -> 0 | C95: 3,1
A96: Q7R7C5 | B96: =Priv!H72 -> 0 | C96: 3,1
A97: Q7R7C6 | B97: =Priv!I72 -> 0 | C97: 3,1
A98: Q7R7C7 | B98: =Priv!J72 -> 0 | C98: 3,1
A99: Q8R1C1 | B99: =Priv!C79 -> 0 | C99: 3,2
A100: Q8R2C1 | B100: =Priv!C80 -> 0 | C100: 3,2
...
