Workbook

Sheet ATI
AA1: JDURAND - 2022-05-13 15:03
A4: Statistical Report on the Access to Information Act
A6: Name of institution: | M6: You must enter an Institution name
A8: Reporting period: | D8: 45383 | G8: to | H8: 45747
A10: Section 1: Requests Under the Access to Information Act
A12: 1.1 Number of requests
H13: Number of Requests
A14: Received during reporting period | H14: 0 | M14: =IF(H14<0,"Section 1.1 - Number of received requests cannot be negative","")
A15: Outstanding from previous reporting periods | H15: =SUM(G16:G17) | M15: =IF(H15<0,"Section 1.1 - Number of outstanding requests from previous reporting periods cannot be negative","")
A16: • Outstanding from previous reporting period | G16: 0 | M16: =IF(H16<0,"Section 1.1 - Number of ""Outstanding requests from previous reporting periods"" cannot be negative","")
A17: • Outstanding from more than one reporting period | G17: 0 | M17: =IF(H17<0,"Section 1.1 - Number of outstanding requests from the previous reporting period cannot be negative","")
A18: Total | H18: =SUM(H14:J15) | M18: =IF(H18<0,"Section 1.1 - Number of requests cannot be negative","")
A19: Closed during reporting period | H19: 0 | M19: =IF(H19<0,"Section 1.1 - Number of requests closed during the reporting period cannot be negative","")
A20: Carried over to next reporting period | H20: =G21+G22 | M20: =IF(H20<>(H18-H19),"Section 1.1 - The ""Carried over to next reporting period"" must equal to the ""Total"" minus ""Closed during reporting period"" of Section 1.1","")
A21: • Carried over within legislated timeline | G21: 0
A22: • Carried over beyond legislated timeline | G22: 0
A24: 1.2 Sources of requests
A26: Source | G26: Number of Requests
A27: Media | G27: 0
A28: Academia | G28: 0
A29: Business (private sector) | G29: 0
A30: Organization | G30: 0
A31: Public | G31: 0
A32: Decline to Identify | G32: 0
A33: Total | G33: =SUM(G27:J32) | M33: =IF(H14<>G33,"Section 1.2 - The ""Total"" must be equal to ""Received during reporting period"" of Section 1.1","")
A35: 1.3 Channels of requests
A37: Source | G37: Number of Requests
A38: Online | G38: 0
A39: E-mail | G39: 0
A40: Mail | G40: 0
A41: In person | G41: 0
A42: Phone | G42: 0
A43: Fax | G43: 0
A44: Total | G44: =SUM(G38:J43) | M44: =IF(H14<>G44,"Section 1.3 - The ""Total"" must be equal to ""Received during reporting period"" of Section 1.1","")
A46: Section 2: Informal Requests
A48: 2.1 Number of informal requests
H49: Number of Requests
A50: Received during reporting period | H50: 0
A51: Outstanding from previous reporting periods | H51: =SUM(G52:G53)
A52: • Outstanding from previous reporting period | G52: 0
A53: • Outstanding from more than one reporting period | G53: 0
A54: Total | H54: =SUM(H50:J51)
A55: Closed during reporting period | H55: 0 | M55: =IF(H55<>(SUM(A85,C85,E85,G85,I85)+SUM(A79,C79,E79,G79,I79)),"Section 2.1 - The total ""Number of Requests"" of Section 2.4 and Section 2.5 should be equal to ""Closed during reporting period"" of Section 2.1","")
A56: Carried over to next reporting period | H56: =H54-H55
A58: 2.2 Channels of informal requests
A60: Source | G60: Number of Requests
A61: Online | G61: 0
A62: E-mail | G62: 0
A63: Mail | G63: 0
A64: In person | G64: 0
A65: Phone | G65: 0
A66: Fax | G66: 0
A67: Total | G67: =SUM(G61:J66) | M67: =IF(H50<>G67,"Section 2.2 - The ""Total"" must be equal to ""Received during reporting period"" of Section 2.1","")
A69: 2.3 Completion time of informal requests
A71: Completion Time
A72: 0 to 15 Days | B72: 16 to 30 Days | C72: 31 to 60 Days | D72: 61 to 120 Days | E72: 121 to 180 Days | F72: 181 to 365 Days | G72: More Than 365 Days | H72: Total
A73: 0 | B73: 0 | C73: 0 | D73: 0 | E73: 0 | F73: 0 | G73: 0 | H73: =SUM(A73:G73) | M73: =IF(H55<>H73,"Section 2.3 - The ""Total"" must be equal to ""Closed during reporting period"" of Section 2.1","")
M74: =IF(H55<SUM(A79,C79,E79,G79,I79),"Section 2.4 - The total ""Number of Requests"" should be equal or less than ""Closed during reporting period"" of Section 2.1","")
A75: 2.4 Pages released informally | M75: =IFERROR(IF(B79/A79>99,"Section 2.4 - The total ""Pages Released"" divided by the total ""Number of Requests"" must be equal to or less than 99.",""),"")
M76: =IFERROR(IF(AND(D79/C79>=100,D79/C79<=500),"","Section 2.4 - The total ""Pages Released"" divided by the total ""Number of Requests"" must be between 100 to 500."),"")
A77: Less Than 100 Pages Released | C77: 100-500 Pages Released | E77: 501-1000 Pages Released | G77: 1001-5000 Pages Released | I77: More Than 5000 Pages Released | M77: =IFERROR(IF(AND(F79/E79>500,F79/E79<=1000),"","Section 2.4 - The total ""Pages Released"" divided by the total ""Number of Requests"" must be between 501 to 1000."),"")
A78: Number of Requests | B78: Pages Released | C78: Number of Requests | D78: Pages Released | E78: Number of Requests | F78: Pages Released | G78: Number of Requests | H78: Pages Released | I78: Number of Requests | J78: Pages Released | M78: =IFERROR(IF(AND(H79/G79>1000,H79/G79<=5000),"","Section 2.4 - The total ""Pages Released"" divided by the total ""Number of Requests"" must be between 1001 to 5000."),"")
A79: 0 | B79: 0 | C79: 0 | D79: 0 | E79: 0 | F79: 0 | G79: 0 | H79: 0 | I79: 0 | J79: 0 | M79: =IFERROR(IF(J79/I79<=5000,"Section 2.4 - The total ""Pages Released"" divided by the total ""Number of Requests"" must be greater than 5000.",""),"")
M80: =IF(H54<SUM(A85,C85,E85,G85,I85),"Section 2.5 - The total ""Number of Requests"" should be equal or less than ""Closed during reporting period"" of Section 2.1","")
A81: 2.5 Pages re-released informally | M81: =IF(H55<>(SUM(A85,C85,E85,G85,I85)+SUM(A79,C79,E79,G79,I79)),"Section 2.5 - The total ""Number of Requests"" of Section 2.4 and Section 2.5 should be equal to ""Closed during reporting period"" of Section 2.1","")
M82: =IFERROR(IF(B85/A85>99,"Section 2.5 - The total ""Pages Released"" divided by the total ""Number of Requests"" must be equal to or less than 99.",""),"")
A83: Less Than 100 Pages Re-released | C83: 100-500 Pages Re-released | E83: 501-1000 Pages Re-released | G83: 1001-5000 Pages Re-released | I83: More Than 5000 Pages Re-released | M83: =IFERROR(IF(AND(D85/C85>=100,D85/C85<=500),"","Section 2.5 - The total ""Pages Released"" divided by the total ""Number of Requests"" must be between 100 to 500."),"")
A84: Number of Requests | B84: Pages Re-released | C84: Number of Requests | D84: Pages Re-released | E84: Number of Requests | F84: Pages Re-released | G84: Number of Requests | H84: Pages Re-released | I84: Number of Requests | J84: Pages Re-released | M84: =IFERROR(IF(AND(F85/E85>500,F85/E85<=1000),"","Section 2.5 - The total ""Pages Released"" divided by the total ""Number of Requests"" must be between 501 to 1000."),"")
A85: 0 | B85: 0 | C85: 0 | D85: 0 | E85: 0 | F85: 0 | G85: 0 | H85: 0 | I85: 0 | J85: 0 | M85: =IFERROR(IF(AND(H85/G85>1000,H85/G85<=5000),"","Section 2.5 - The total ""Pages Released"" divided by the total ""Number of Requests"" must be between 1001 to 5000."),"")
M86: =IFERROR(IF(J85/I85<=5000,"Section 2.5 - The total ""Pages Released"" divided by the total ""Number of Requests"" must be greater than 5000.",""),"")
A87: Section 3: Applications to the Information Commissioner on Declining to Act on Requests
H89: Number of Requests
A90: Outstanding from previous reporting period | H90: 0
A91: Sent during reporting period | H91: 0
A92: Total | H92: =SUM(H90:K91)
A93: Approved by the Information Commissioner during reporting period | H93: 0
A94: Declined by the Information Commissioner during reporting period | H94: 0
A95: Withdrawn during reporting period | H95: 0 | L95: =IF(SUM(H93:K96)-H92<>0,"Section 3 - The ""Carried over to next reporting period"" must be equal to the ""Total"" minus ""Approved by the Information Commissioner"" minus ""Declined by the Information Commissioner"" minus ""Withdrawn during reporting period"" of Section 3","")
A96: Carried over to next reporting period | H96: 0
A98: Section 4: Requests Closed During the Reporting Period
A100: 4.1 Disposition and completion time | M100: =IF(L105>SUM(C118:C135,F118:F133,I118:I131,L118:L130,C140:D145,G140:H146,K140:L146),"The total number of requests in ""Disclosed in part"" must be equal to or less than the total number of requests reported in table 4.2 and table 4.3","")
M101: =IF(L106>SUM(C118:C135,F118:F133,I118:I131,L118:L130),"The total number of requests in ""All exempted"" must be equal to or less than the total number of requests reported in table 4.2","")
A102: Disposition of Requests | E102: Completion Time | M102: =IF(L107>SUM(C140:D145,G140:H146,K140:L146),"The total number of requests in ""All excluded"" must be equal to or less than the total number of requests reported in table 4.3","")
E103: 0 to 15 Days | F103: 16 to 30 Days | G103: 31 to 60 Days | H103: 61 to 120 Days | I103: 121 to 180 Days | J103: 181 to 365 Days | K103: More Than 365 Days | L103: Total
A104: All disclosed | E104: 0 | F104: 0 | G104: 0 | H104: 0 | I104: 0 | J104: 0 | K104: 0 | L104: =SUM(E104:K104) | M104: =IF(AB166<L104,"Section 4.1 - The total of ""All disclosed"" should equal to or greater than the number of ""All disclosed"" from ""Sections 4.5.2, 4.5.4 and 4.5.6""","")
A105: Disclosed in part | E105: 0 | F105: 0 | G105: 0 | H105: 0 | I105: 0 | J105: 0 | K105: 0 | L105: =SUM(E105:K105) | M105: =IF(AB167<L105,"Section 4.1 - The total of ""Disclosed in part"" should equal to or greater than the number of ""Disclosed in part"" from ""Sections 4.5.2, 4.5.4 and 4.5.6""","")
A106: All exempted | E106: 0 | F106: 0 | G106: 0 | H106: 0 | I106: 0 | J106: 0 | K106: 0 | L106: =SUM(E106:K106) | M106: =IF(AB168<L106,"Section 4.1 - The total of ""All exempted"" should equal to or greater than the number of ""All exempted"" from ""Sections 4.5.2, 4.5.4 and 4.5.6""","")
A107: All excluded | E107: 0 | F107: 0 | G107: 0 | H107: 0 | I107: 0 | J107: 0 | K107: 0 | L107: =SUM(E107:K107) | M107: =IF(AB169<L107,"Section 4.1 - The total of ""All excluded"" should equal to or greater than the number of ""All excluded"" from ""Sections 4.5.2, 4.5.4 and 4.5.6""","")
A108: No records exist | E108: 0 | F108: 0 | G108: 0 | H108: 0 | I108: 0 | J108: 0 | K108: 0 | L108: =SUM(E108:K108)
A109: Request transferred | E109: 0 | F109: 0 | G109: 0 | H109: 0 | I109: 0 | J109: 0 | K109: 0 | L109: =SUM(E109:K109)
A110: Request abandoned | E110: 0 | F110: 0 | G110: 0 | H110: 0 | I110: 0 | J110: 0 | K110: 0 | L110: =SUM(E110:K110) | M110: =IF(AB170<L110,"Section 4.1 - The total of ""Request abandoned"" should equal to or greater than the number of ""Request abandoned"" from ""Sections 4.5.2, 4.5.4 and 4.5.6""","")
A111: Neither confirmed nor denied | E111: 0 | F111: 0 | G111: 0 | H111: 0 | I111: 0 | J111: 0 | K111: 0 | L111: =SUM(E111:K111) | M111: =IF(AB171<L111,"Section 4.1 - The total of ""Neither confirmed nor denied"" should equal to or greater than the number of ""Neither confirmed nor denied"" from ""Sections 4.5.2, 4.5.4 and 4.5.6""","")
A112: Declined to act with the approval of the Information Commissioner | E112: 0 | F112: 0 | G112: 0 | H112: 0 | I112: 0 | J112: 0 | K112: 0 | L112: =SUM(E112:K112) | M112: =IF(AB172<L112,"Section 4.1 - The total of ""Declined to act with the approval of the Information Commissioner"" should equal to or greater than the number of ""Declined to act with the approval of the Information Commissioner"" from ""Sections 4.5.2, 4.5.4 and 4.5.6""","")
A113: Total | E113: =SUM(E104:E112) | F113: =SUM(F104:F112) | G113: =SUM(G104:G112) | H113: =SUM(H104:H112) | I113: =SUM(I104:I112) | J113: =SUM(J104:J112) | K113: =SUM(K104:K112) | L113: =SUM(E113:K113) | M113: =IF(H93<>L112,"Section 4.1 - The total number of ""Declined to act with the approval of the Information Commissioner"" should be equal to ""Approved by the Information Commissioner during reporting period "" of Section 3","")
L114: =SUM(L104:L107,L110:L112) | M114: =IF(L113<>H19,"Section 4.1 - The Total of the ""Total"" should be equal to ""Closed during reporting period"" of Section 1.1","")
A115: 4.2 Exemptions
A117: Section | C117: Number of Requests | D117: Section | F117: Number of Requests | G117: Section | I117: Number of Requests | J117: Section | L117: Number of Requests
A118: 13(1)(a) | C118: 0 | D118: 16(2) | F118: 0 | G118: 18(a) | I118: 0 | J118: 20.1 | L118: 0
A119: 13(1)(b) | C119: 0 | D119: 16(2)(a) | F119: 0 | G119: 18(b) | I119: 0 | J119: 20.2 | L119: 0
A120: 13(1)(c) | C120: 0 | D120: 16(2)(b) | F120: 0 | G120: 18(c) | I120: 0 | J120: 20.4 | L120: 0
...

Sheet Priv
A4: Statistical Report on the Privacy Act
E6: Name of institution: | H6: Treasury Board of Canada Secretariat | O6: You must enter an institution's name
E8: Reporting period: | H8: 44287 | K8: to | L8: 44651
A10: Section 1: Requests Under the Privacy Act
A12: 1.1 Number of requests received
H14: Number of Requests
A15: Received during reporting period | H15: 84
A16: Outstanding from previous reporting periods | H16: =SUM(G17:G18)
A17: • Outstanding from previous reporting period | G17: 4
A18: • Outstanding from more than one reporting period | G18: 2
A19: Total | H19: =SUM(H15:J16)
A20: Closed during reporting period | H20: 78
A21: Carried over to next reporting period | H21: =SUM(G22:G23) | K21: =IF(H21<>(H19-H20),"Section 1.1 - ""Carried over to the next period"" should be equal to the sum of ""Carried over within legislated timeline"" and ""Carried over beyond legislated timeline""","")
A22: • Carried over within legislated timeline | G22: 9 | K22: =IF(H21<>(H19-H20),"Section 1.1 - The ""Carried over to next reporting period"" must be equal to the ""Total"" minus ""Closed during the reporting period""","")
A23: • Carried over beyond legislated timeline | G23: 3 | K23: =IF(H23<0,"Section 1.1 - Carried over to next reporting period cannot be negative","")
A25: 1.2 Channels of requests
A27: Source | G27: Number of Requests
A28: Online | G28: 60
A29: E-mail | G29: 23
A30: Mail | G30: 1
A31: In person | G31: 0
A32: Phone | G32: 0
A33: Fax | G33: 0
A34: Total | G34: =SUM(G28:J33) | K34: =IF(G34<>H15,"Section 1.2 - The ""Total"" must be equal to ""Received during reporting period"" of Section 1.1","")
A36: Section 2: Informal requests
A40: 2.1 Number of informal requests
H41: Number of Requests
A42: Received during reporting period | H42: 0
A43: Outstanding from previous reporting periods | H43: =SUM(G44:G45)
A44: • Outstanding from previous reporting period | G44: 0
A45: • Outstanding from more than one reporting period | G45: 0
A46: Total | H46: =SUM(H42:J43)
A47: Closed during reporting period | H47: 0
A48: Carried over to next reporting period | H48: =H46-H47
A50: 2.2 Channels of informal requests
A52: Source | G52: Number of Requests
A53: Online | G53: 0
A54: E-mail | G54: 0
A55: Mail | G55: 0
A56: In person | G56: 0
A57: Phone | G57: 0
A58: Fax | G58: 0
A59: Total | G59: =SUM(G53:J58) | K59: =IF(G59<>H42,"Section 2.2 - The total ""Number of Requests"" must be equal to ""Received during reporting period"" of Section 2.1","")
A61: 2.3 Completion time of informal requests
A63: Completion Time
A64: 0 to 15 Days | B64: 16 to 30 Days | C64: 31 to 60 Days | D64: 61 to 120 Days | E64: 121 to 180 Days | F64: 181 to 365 Days | G64: More Than 365 Days | H64: Total
A65: 0 | B65: 0 | C65: 0 | D65: 0 | E65: 0 | F65: 0 | G65: 0 | H65: =SUM(A65:G65) | I65: =IF(H65<>H47,"Section 2.3 - The total number of informal requests must be equal to ""Closed during reporting period"" of Section 2.1","")
K66: =IFERROR(IF(B71/A71>99,"Section 2.4 - The total ""Pages Released"" divided by the total ""Number of Requests"" in ""Less Than 100 Pages Released"" must be equal to or less than 99.",""),"")
A67: 2.4 Pages released informally | K67: =IFERROR(IF(AND(D71/C71>=100,D71/C71<=500),"","Section 2.4 - The total ""Pages Released"" divided by the total ""Number of Requests"" in ""100-500 Pages Released"" must be between 100 to 500."),"")
K68: =IFERROR(IF(AND(F71/E71>500,F71/E71<=1000),"","Section 2.4 - The total ""Pages Released"" divided by the total ""Number of Requests"" in ""501-1000 Pages Released"" must be between 501 to 1000."),"")
A69: Less Than 100 Pages Released | C69: 100-500 Pages Released | E69: 501-1000 Pages Released | G69: 1001-5000 Pages Released | I69: More Than 5000 Pages Released | K69: =IFERROR(IF(AND(H71/G71>1000,H71/G71<=5000),"","Section 2.4 - The total ""Pages Released"" divided by the total ""Number of Requests"" in ""1001-5000 Pages Released"" must be between 1001 to 5000."),"")
A70: Number of Requests | B70: Pages Released | C70: Number of Requests | D70: Pages Released | E70: Number of Requests | F70: Pages Released | G70: Number of Requests | H70: Pages Released | I70: Number of Requests | J70: Pages Released | K70: =IFERROR(IF(J71/I71<=5000,"Section 2.4 - The total ""Pages Released"" divided by the total ""Number of Requests"" in ""More Than 5000 Pages Released"" must be greater than 5000.",""),"")
A71: 0 | B71: 0 | C71: 0 | D71: 0 | E71: 0 | F71: 0 | G71: 0 | H71: 0 | I71: 0 | J71: 0 | K71: =IF(SUM(A71,C71,E71,G71,I71)<>H47,"Section 2.4 - The sum of all ""Number of Requests"" must be equal to ""Closed during reporting period"" of Section 2.1","")
A74: Section 3: Requests Closed During the Reporting Period
A76: 3.1 Disposition and completion time
A78: Disposition of Requests | D78: Completion Time
D79: 0 to 15 Days | E79: 16 to 30 Days | F79: 31 to 60 Days | G79: 61 to 120 Days | H79: 121 to 180 Days | I79: 181 to 365 Days | J79: More Than 365 Days | K79: Total
A80: All disclosed | D80: 1 | E80: 5 | F80: 3 | G80: 0 | H80: 0 | I80: 0 | J80: 0 | K80: =SUM(D80:J80)
A81: Disclosed in part | D81: 9 | E81: 0 | F81: 2 | G81: 11 | H81: 1 | I81: 0 | J81: 0 | K81: =SUM(D81:J81) | L81: =IF(K81>SUM(C93:D101,G93:H102,K93:L101,C107:D109,G107:H110,K107:L110),"The total number of requests in ""Disclosed in part"" must be equal to or less than the total number of requests reported in section 3.2 and section 3.3","")
A82: All exempted | D82: 0 | E82: 14 | F82: 0 | G82: 0 | H82: 0 | I82: 0 | J82: 0 | K82: =SUM(D82:J82) | L82: =IF(K82>SUM(C93:D101,G93:H102,K93:L101),"The total number of requests in ""All exempted"" must be equal to or less than the total number of requests reported in section 3.2","")
A83: All excluded | D83: 0 | E83: 0 | F83: 0 | G83: 0 | H83: 0 | I83: 0 | J83: 0 | K83: =SUM(D83:J83) | L83: =IF(K83>SUM(C107:D109,G107:H110,K107:L110),"The total number of requests in ""All excluded"" must be equal to or less than the total number of requests reported in section 3.3","")
A84: No records exist | D84: 0 | E84: 0 | F84: 0 | G84: 0 | H84: 6 | I84: 5 | J84: 0 | K84: =SUM(D84:J84)
A85: Request abandoned | D85: 0 | E85: 0 | F85: 0 | G85: 0 | H85: 11 | I85: 43 | J85: 1 | K85: =SUM(D85:J85)
A86: Neither confirmed nor denied | D86: 0 | E86: 0 | F86: 0 | G86: 0 | H86: 0 | I86: 44 | J86: 0 | K86: =SUM(D86:J86)
A87: Total | D87: =SUM(D80:D86) | E87: =SUM(E80:E86) | F87: =SUM(F80:F86) | G87: =SUM(G80:G86) | H87: =SUM(H80:H86) | I87: =SUM(I80:I86) | J87: =SUM(J80:J86) | K87: =SUM(K80:K86) | L87: =IF(K87<>H20,"Section 3.1 - The sum of totals of row 8 should be equal to ""Closed during reporting period"" of Section 1.1","")
K88: =SUM(K80:K83,K85:K86)
A90: 3.2 Exemptions
A92: Section | C92: Number of Requests | E92: Section | G92: Number of Requests | I92: Section | K92: Number of Requests
A93: 18(2) | C93: 0 | E93: 22(1)(a)(i) | G93: 0 | I93: 23(a) | K93: 0
A94: 19(1)(a) | C94: 0 | E94: 22(1)(a)(ii) | G94: 0 | I94: 23(b) | K94: 0
A95: 19(1)(b) | C95: 0 | E95: 22(1)(a)(iii) | G95: 0 | I95: 24(a) | K95: 0
A96: 19(1)(c) | C96: 0 | E96: 22(1)(b) | G96: 0 | I96: 24(b) | K96: 0
A97: 19(1)(d) | C97: 0 | E97: 22(1)(c) | G97: 0 | I97: 25 | K97: 0
A98: 19(1)(e) | C98: 0 | E98: 22(2) | G98: 0 | I98: 26 | K98: 14
A99: 19(1)(f) | C99: 0 | E99: 22.1 | G99: 0 | I99: 27 | K99: 6
A100: 20 | C100: 0 | E100: 22.2 | G100: 0 | I100: 27.1 | K100: 0
A101: 21 | C101: 0 | E101: 22.3 | G101: 0 | I101: 28 | K101: 0 | M101: =IF(AND(SUM(C93:D101,G93:H102,K93:L101)>0,SUM(K81,K82,K85)=0),"If total number of requests reported in section 3.2 is greater than zero, then the total number of requests reported in rows 2, 3 and 6 of column 8 of section 3.1 must be greater than zero.","")
E102: 22.4 | G102: 0
A104: 3.3 Exclusions
A106: Section | C106: Number of Requests | E106: Section | G106: Number of Requests | I106: Section | K106: Number of Requests
A107: 69(1)(a) | C107: 0 | E107: 70(1) | G107: 0 | I107: 70(1)(d) | K107: 0
A108: 69(1)(b) | C108: 0 | E108: 70(1)(a) | G108: 0 | I108: 70(1)(e) | K108: 0
A109: 69.1 | C109: 0 | E109: 70(1)(b) | G109: 0 | I109: 70(1)(f) | K109: 0
E110: 70(1)(c) | G110: 0 | I110: 70.1 | K110: 0 | M110: =IF(AND(SUM(C107:D109,G107:H110,K107:L110)>0,SUM(K81,K83,K85)=0),"If total number of requests reported in section 3.3 is greater than zero, then the total number of requests reported in rows 2, 4 and 6 of column 8 of section 3.1 must be greater than zero.","")
M111: =IF(SUM(A116:I116)<SUM(K80,K81),"Section 3.4 - The total number of ""Paper, Electronic and Other"" of ""Format of information released"" should be equal to or greater than the ""Total"" of ""All disclosed"" and ""Disclosed in part"" of Section 3.1","")
A112: 3.4 Format of information released
M113: =IF(A116>SUM(K80:K81),"Section 3.4 - The total number of ""Paper"" of ""Format of information released"" should be equal to or less than the ""Total"" of ""All disclosed"" and ""Disclosed in part"" of Section 3.1","")
A114: Paper | C114: Electronic | H114: Other | M114: =IF(C116>SUM(K80,K81),"Section 3.4 - The total number of ""E-record"" of ""Format of information released"" should be equal to or less than the ""Total"" of ""All disclosed"" and ""Disclosed in part"" of Section 3.1","")
C115: E-record | E115: Data set | F115: Video | G115: Audio | M115: =IF(E116>SUM(K80,K81),"Section 3.4 - The total number of ""Data set"" of ""Format of information released"" should be equal to or less than the ""Total"" of ""All disclosed"" and ""Disclosed in part"" of Section 3.1","")
A116: 7 | C116: 16 | E116: 0 | F116: 0 | G116: 0 | H116: 0 | M116: =IF(F116>SUM(K80,K81),"Section 3.4 - The total number of ""Video"" of ""Format of information released"" should be equal to or less than the ""Total"" of ""All disclosed"" and ""Disclosed in part"" of Section 3.1","")
M117: =IF(G116>SUM(K80,K81),"Section 3.4 - The total number of ""Audio"" of ""Format of information released"" should be equal to or less than the ""Total"" of ""All disclosed"" and ""Disclosed in part"" of Section 3.1","")
A118: 3.5 Complexity | M118: =IF(H116>SUM(K80,K81),"Section 3.4 - The total number of ""Other"" of ""Format of information released"" should be equal to or less than the ""Total"" of ""All disclosed"" and ""Disclosed in part"" of Section 3.1","")
M119: =IF(SUM(A116,C116,E116,H116)<= G123,"","The total number of ""Paper"", ""E-record"", ""Data set"" and ""Other"" of Section 3.4 must be equal or less than the ""Number of Requests"" of Section 3.5.1 ")
A120: 3.5.1 Relevant pages processed and disclosed for paper, e-record and dataset formats | M120: =IF(F116<=G158,"","The total number of ""Video"" reported in Section 3.4 must be equal to or less than the total ""Number of Requests"" reported in ""Number of Requests"" of Section 3.5.5")
M121: =IF(G116<=G141,"","The total number of ""Audio"" reported in Section 3.4 must be equal to or less than the total ""Number of Requests"" reported in Section 3.5.3")
A122: Number of Pages Processed | D122: Number of Pages Disclosed | G122: Number of Requests
A123: 7840 | D123: 5171 | G123: 67 | J123: =IF(D123>A123,"Section 3.5.1 - The ""Number of Pages Disclosed"" should be equal to or less than the ""Number of Pages Processed""","")
J124: =IF(G123>SUM(K80:K83,K85:K86),"Section 3.5.1 - The ""Number of Requests"" should be equal to or less than the sum of rows 1 to 4, 6 to 7 of Section 3.1","")
A125: 3.5.2 Relevant pages processed per request disposition for paper, e-record and dataset formats by size of requests | M125: =IFERROR(IF(D136/C136>99,"Section 3.5.2 - The total ""Pages Processed"" divided by the total ""Number of Requests"" in ""Less Than 100 Pages Processed"" must be equal to or less than 99.",""),"")
M126: =IFERROR(IF(AND(F136/E136>=100,F136/E136<=500),"","Section 3.5.2 - The total ""Pages Processed"" divided by the total ""Number of Requests"" in ""100-500 Pages Processed"" must be between 100 to 500."),"")
...

Sheet ATI_ForConsumption
A1: Inst | B1: =ATI!D6
A2: Report | B2: 2021;2022
A3: Q1R1C1 | B3: =ATI!H14 | C3: 1,1
A4: Q1R2C1 | B4: =ATI!H15 | C4: 1,1
A5: Q1R3C1 | B5: =ATI!G16 | C5: 1,1
A6: Q1R4C1 | B6: =ATI!G17 | C6: 1,1
A7: Q1R5C1 | B7: =ATI!H18 | C7: 1,1
A8: Q1R6C1 | B8: =ATI!H19 | C8: 1,1
A9: Q1R7C1 | B9: =ATI!H20 | C9: 1,1
A10: Q1R8C1 | B10: =ATI!G21 | C10: 1,1
A11: Q1R9C1 | B11: =ATI!G22 | C11: 1,1
A12: Q2R1C1 | B12: =ATI!G27 | C12: 1,2
A13: Q2R2C1 | B13: =ATI!G28 | C13: 1,2
A14: Q2R3C1 | B14: =ATI!G29 | C14: 1,2
A15: Q2R4C1 | B15: =ATI!G30 | C15: 1,2
A16: Q2R5C1 | B16: =ATI!G31 | C16: 1,2
A17: Q2R6C1 | B17: =ATI!G32 | C17: 1,2
A18: Q2R7C1 | B18: =ATI!G33 | C18: 1,2
A19: Q3R1C1 | B19: =ATI!G38 | C19: 1,3
A20: Q3R2C1 | B20: =ATI!G39 | C20: 1,3
A21: Q3R3C1 | B21: =ATI!G40 | C21: 1,3
A22: Q3R4C1 | B22: =ATI!G41 | C22: 1,3
A23: Q3R5C1 | B23: =ATI!G42 | C23: 1,3
A24: Q3R6C1 | B24: =ATI!G43 | C24: 1,3
A25: Q3R7C1 | B25: =ATI!G44 | C25: 1,3
A26: Q4R1C1 | B26: =ATI!H50 | C26: 2,1
A27: Q4R2C1 | B27: =ATI!H51 | C27: 2,1
A28: Q4R3C1 | B28: =ATI!G52 | C28: 2,1
A29: Q4R4C1 | B29: =ATI!G53 | C29: 2,1
A30: Q4R5C1 | B30: =ATI!H54 | C30: 2,1
A31: Q4R6C1 | B31: =ATI!H55 | C31: 2,1
A32: Q4R7C1 | B32: =ATI!H56 | C32: 2,1
A33: Q5R1C1 | B33: =ATI!G61 | C33: 2,2
A34: Q5R2C1 | B34: =ATI!G62 | C34: 2,2
A35: Q5R3C1 | B35: =ATI!G63 | C35: 2,2
A36: Q5R4C1 | B36: =ATI!G64 | C36: 2,2
A37: Q5R5C1 | B37: =ATI!G65 | C37: 2,2
A38: Q5R6C1 | B38: =ATI!G66 | C38: 2,2
A39: Q5R7C1 | B39: =ATI!G67 | C39: 2,2
A40: Q6R1C1 | B40: =ATI!A73 | C40: 2,3
A41: Q6R1C2 | B41: =ATI!B73 | C41: 2,3
A42: Q6R1C3 | B42: =ATI!C73 | C42: 2,3
A43: Q6R1C4 | B43: =ATI!D73 | C43: 2,3
A44: Q6R1C5 | B44: =ATI!E73 | C44: 2,3
A45: Q6R1C6 | B45: =ATI!F73 | C45: 2,3
A46: Q6R1C7 | B46: =ATI!G73 | C46: 2,3
A47: Q7R1C1 | B47: =ATI!A79 | C47: 2,4
A48: Q7R1C2 | B48: =ATI!B79 | C48: 2,4
A49: Q7R1C3 | B49: =ATI!C79 | C49: 2,4
A50: Q7R1C4 | B50: =ATI!D79 | C50: 2,4
A51: Q7R1C5 | B51: =ATI!E79 | C51: 2,4
A52: Q7R1C6 | B52: =ATI!F79 | C52: 2,4
A53: Q7R1C7 | B53: =ATI!G79 | C53: 2,4
A54: Q7R1C8 | B54: =ATI!H79 | C54: 2,4
A55: Q7R1C9 | B55: =ATI!I79 | C55: 2,4
A56: Q7R1C10 | B56: =ATI!J79 | C56: 2,4
A57: Q8R1C1 | B57: =ATI!A85 | C57: 2,5
A58: Q8R1C2 | B58: =ATI!B85 | C58: 2,5
A59: Q8R1C3 | B59: =ATI!C85 | C59: 2,5
A60: Q8R1C4 | B60: =ATI!D85 | C60: 2,5
A61: Q8R1C5 | B61: =ATI!E85 | C61: 2,5
A62: Q8R1C6 | B62: =ATI!F85 | C62: 2,5
A63: Q8R1C7 | B63: =ATI!G85 | C63: 2,5
A64: Q8R1C8 | B64: =ATI!H85 | C64: 2,5
A65: Q8R1C9 | B65: =ATI!I85 | C65: 2,5
A66: Q8R1C10 | B66: =ATI!J85 | C66: 2,5
A67: Q9R1C1 | B67: =ATI!H90 | C67: 3
A68: Q9R2C1 | B68: =ATI!H91 | C68: 3
A69: Q9R3C1 | B69: =ATI!H92 | C69: 3
A70: Q9R4C1 | B70: =ATI!H93 | C70: 3
A71: Q9R5C1 | B71: =ATI!H94 | C71: 3
A72: Q9R6C1 | B72: =ATI!H95 | C72: 3
A73: Q9R7C1 | B73: =ATI!H96 | C73: 3
A74: Q10R1C1 | B74: =ATI!E104 | C74: 4,1
A75: Q10R1C2 | B75: =ATI!F104 | C75: 4,1
A76: Q10R1C3 | B76: =ATI!G104 | C76: 4,1
A77: Q10R1C4 | B77: =ATI!H104 | C77: 4,1
A78: Q10R1C5 | B78: =ATI!I104 | C78: 4,1
A79: Q10R1C6 | B79: =ATI!J104 | C79: 4,1
A80: Q10R1C7 | B80: =ATI!K104 | C80: 4,1
A81: Q10R2C1 | B81: =ATI!E105 | C81: 4,1
A82: Q10R2C2 | B82: =ATI!F105 | C82: 4,1
A83: Q10R2C3 | B83: =ATI!G105 | C83: 4,1
A84: Q10R2C4 | B84: =ATI!H105 | C84: 4,1
A85: Q10R2C5 | B85: =ATI!I105 | C85: 4,1
A86: Q10R2C6 | B86: =ATI!J105 | C86: 4,1
A87: Q10R2C7 | B87: =ATI!K105 | C87: 4,1
A88: Q10R3C1 | B88: =ATI!E106 | C88: 4,1
A89: Q10R3C2 | B89: =ATI!F106 | C89: 4,1
A90: Q10R3C3 | B90: =ATI!G106 | C90: 4,1
A91: Q10R3C4 | B91: =ATI!H106 | C91: 4,1
A92: Q10R3C5 | B92: =ATI!I106 | C92: 4,1
A93: Q10R3C6 | B93: =ATI!J106 | C93: 4,1
A94: Q10R3C7 | B94: =ATI!K106 | C94: 4,1
A95: Q10R4C1 | B95: =ATI!E107 | C95: 4,1
A96: Q10R4C2 | B96: =ATI!F107 | C96: 4,1
A97: Q10R4C3 | B97: =ATI!G107 | C97: 4,1
A98: Q10R4C4 | B98: =ATI!H107 | C98: 4,1
A99: Q10R4C5 | B99: =ATI!I107 | C99: 4,1
A100: Q10R4C6 | B100: =ATI!J107 | C100: 4,1
...

Sheet Privacy_ForConsumption
A1: Inst | B1: =Priv!H6
A2: Report | B2: 2021;2022
A3: Q1R1C1 | B3: =Priv!H15 | C3: 1,1
A4: Q1R2C1 | B4: =Priv!H16 | C4: 1,1
A5: Q1R3C1 | B5: =Priv!G17 | C5: 1,1
A6: Q1R4C1 | B6: =Priv!G18 | C6: 1,1
A7: Q1R5C1 | B7: =Priv!H19 | C7: 1,1
A8: Q1R6C1 | B8: =Priv!H20 | C8: 1,1
A9: Q1R7C1 | B9: =Priv!H21 | C9: 1,1
A10: Q1R8C1 | B10: =Priv!G22 | C10: 1,1
A11: Q1R9C1 | B11: =Priv!G23 | C11: 1,1
A12: Q2R1C1 | B12: =Priv!G28 | C12: 1,2
A13: Q2R2C1 | B13: =Priv!G29 | C13: 1,2
A14: Q2R3C1 | B14: =Priv!G30 | C14: 1,2
A15: Q2R4C1 | B15: =Priv!G31 | C15: 1,2
A16: Q2R5C1 | B16: =Priv!G32 | C16: 1,2
A17: Q2R6C1 | B17: =Priv!G33 | C17: 1,2
A18: Q2R7C1 | B18: =Priv!G34 | C18: 1,2
A19: Q3R1C1 | B19: =Priv!H42 | C19: 2,1
A20: Q3R2C1 | B20: =Priv!H43 | C20: 2,1
A21: Q3R3C1 | B21: =Priv!G44 | C21: 2,1
A22: Q3R4C1 | B22: =Priv!G45 | C22: 2,1
A23: Q3R5C1 | B23: =Priv!H46 | C23: 2,1
A24: Q3R6C1 | B24: =Priv!H47 | C24: 2,1
A25: Q3R7C1 | B25: =Priv!H48 | C25: 2,1
A26: Q4R1C1 | B26: =Priv!G53 | C26: 2,2
A27: Q4R2C1 | B27: =Priv!G54 | C27: 2,2
A28: Q4R3C1 | B28: =Priv!G55 | C28: 2,2
A29: Q4R4C1 | B29: =Priv!G56 | C29: 2,2
A30: Q4R5C1 | B30: =Priv!G57 | C30: 2,2
A31: Q4R6C1 | B31: =Priv!G58 | C31: 2,2
A32: Q4R7C1 | B32: =Priv!G59 | C32: 2,2
A33: Q5R1C1 | B33: =Priv!A65 | C33: 2,3
A34: Q5R1C2 | B34: =Priv!B65 | C34: 2,3
A35: Q5R1C3 | B35: =Priv!C65 | C35: 2,3
A36: Q5R1C4 | B36: =Priv!D65 | C36: 2,3
A37: Q5R1C5 | B37: =Priv!E65 | C37: 2,3
A38: Q5R1C6 | B38: =Priv!F65 | C38: 2,3
A39: Q5R1C7 | B39: =Priv!G65 | C39: 2,3
A40: Q6R1C1 | B40: =Priv!A71 | C40: 2,4
A41: Q6R1C2 | B41: =Priv!B71 | C41: 2,4
A42: Q6R1C3 | B42: =Priv!C71 | C42: 2,4
A43: Q6R1C4 | B43: =Priv!D71 | C43: 2,4
A44: Q6R1C5 | B44: =Priv!E71 | C44: 2,4
A45: Q6R1C6 | B45: =Priv!F71 | C45: 2,4
A46: Q6R1C7 | B46: =Priv!G71 | C46: 2,4
A47: Q6R1C8 | B47: =Priv!H71 | C47: 2,4
A48: Q6R1C9 | B48: =Priv!I71 | C48: 2,4
A49: Q6R1C10 | B49: =Priv!J71 | C49: 2,4
A50: Q7R1C1 | B50: =Priv!D80 | C50: 3,1
A51: Q7R1C2 | B51: =Priv!E80 | C51: 3,1
A52: Q7R1C3 | B52: =Priv!F80 | C52: 3,1
A53: Q7R1C4 | B53: =Priv!G80 | C53: 3,1
A54: Q7R1C5 | B54: =Priv!H80 | C54: 3,1
A55: Q7R1C6 | B55: =Priv!I80 | C55: 3,1
A56: Q7R1C7 | B56: =Priv!J80 | C56: 3,1
A57: Q7R2C1 | B57: =Priv!D81 | C57: 3,1
A58: Q7R2C2 | B58: =Priv!E81 | C58: 3,1
A59: Q7R2C3 | B59: =Priv!F81 | C59: 3,1
A60: Q7R2C4 | B60: =Priv!G81 | C60: 3,1
A61: Q7R2C5 | B61: =Priv!H81 | C61: 3,1
A62: Q7R2C6 | B62: =Priv!I81 | C62: 3,1
A63: Q7R3C7 | B63: =Priv!J81 | C63: 3,1
A64: Q7R3C1 | B64: =Priv!D82 | C64: 3,1
A65: Q7R3C2 | B65: =Priv!E82 | C65: 3,1
A66: Q7R3C3 | B66: =Priv!F82 | C66: 3,1
A67: Q7R3C4 | B67: =Priv!G82 | C67: 3,1
A68: Q7R3C5 | B68: =Priv!H82 | C68: 3,1
A69: Q7R3C6 | B69: =Priv!I82 | C69: 3,1
A70: Q7R3C7 | B70: =Priv!J82 | C70: 3,1
A71: Q7R4C1 | B71: =Priv!D83 | C71: 3,1
A72: Q7R4C2 | B72: =Priv!E83 | C72: 3,1
A73: Q7R4C3 | B73: =Priv!F83 | C73: 3,1
A74: Q7R4C4 | B74: =Priv!G83 | C74: 3,1
A75: Q7R4C5 | B75: =Priv!H83 | C75: 3,1
A76: Q7R4C6 | B76: =Priv!I83 | C76: 3,1
A77: Q7R4C7 | B77: =Priv!J83 | C77: 3,1
A78: Q7R5C1 | B78: =Priv!D84 | C78: 3,1
A79: Q7R5C2 | B79: =Priv!E84 | C79: 3,1
A80: Q7R5C3 | B80: =Priv!F84 | C80: 3,1
A81: Q7R5C4 | B81: =Priv!G84 | C81: 3,1
A82: Q7R5C5 | B82: =Priv!H84 | C82: 3,1
A83: Q7R5C6 | B83: =Priv!I84 | C83: 3,1
A84: Q7R5C7 | B84: =Priv!J84 | C84: 3,1
A85: Q7R6C1 | B85: =Priv!D85 | C85: 3,1
A86: Q7R6C2 | B86: =Priv!E85 | C86: 3,1
A87: Q7R6C3 | B87: =Priv!F85 | C87: 3,1
A88: Q7R6C4 | B88: =Priv!G85 | C88: 3,1
A89: Q7R6C5 | B89: =Priv!H85 | C89: 3,1
A90: Q7R6C6 | B90: =Priv!I85 | C90: 3,1
A91: Q7R6C7 | B91: =Priv!J85 | C91: 3,1
A92: Q7R7C1 | B92: =Priv!D86 | C92: 3,1
A93: Q7R7C2 | B93: =Priv!E86 | C93: 3,1
A94: Q7R7C3 | B94: =Priv!F86 | C94: 3,1
A95: Q7R7C4 | B95: =Priv!G86 | C95: 3,1
A96: Q7R7C5 | B96: =Priv!H86 | C96: 3,1
A97: Q7R7C6 | B97: =Priv!I86 | C97: 3,1
A98: Q7R7C7 | B98: =Priv!J86 | C98: 3,1
A99: Q8R1C1 | B99: =Priv!C93 | C99: 3,2
A100: Q8R2C1 | B100: =Priv!C94 | C100: 3,2
...
